"Reporting Month";"Sales Month";Platform;Country/Region;"Label Name";"Artist Name";"Release title";"Track title";UPC;ISRC;"Release Catalog nb";"Release Type";"Sales Type";Quantity;"Client Payment Currency";"Net Revenue";Label_Rate
01/01/2025;01/01/2025;"YouTube Official Content";India;"RoyalMotion IT";"Band Chandrarango";"Tomar Kolpona";"Tomar Kolpona তোমার কল্পনা";3617666130186;DG-A0R-24-49372;;"Music Release";Stream;1;EUR;0.000480822215;80.00
01/01/2025;01/01/2025;"YouTube Official Content";Bangladesh;"RoyalMotion IT";"Rajib Bhattacharjee";"Amari Mon";"Amari Mon";3617668990658;FR-10S-25-50218;RMITRB05;"Music Release";Stream;8;EUR;0.000377006773;80.00
01/01/2025;01/12/2024;"Facebook / Instagram";Singapore;"RoyalMotion IT";Dorshon;"Mrittu Chithi";"Mrittu Chithi";3617666802847;DG-A0S-24-21038;RMITDS01;"Music Release";Stream;2;EUR;0.000029150912;80.00
01/01/2025;01/01/2025;"YouTube UGC";Cambodia;"RoyalMotion IT";"Purnoy Hoq";"Pera Nai Chill 2";"Pera Nai Chill 2";3617668323364;QZ-TAS-24-88692;RMITPQ01;"Music Release";Stream;1;EUR;0.001985562915;80.00
01/01/2025;01/12/2024;"Facebook / Instagram";"United Kingdom";"RoyalMotion IT";Dorshon;Jontrona;Jontrona;3617667140993;DG-A0S-24-49593;RMITDS02;"Music Release";Stream;4;EUR;0.000054046208;80.00
01/01/2025;01/01/2025;"Apple Music";India;"RoyalMotion IT";"Ranjan Chowdhury, Subhamita Banerjee";"Mon jarai kathai kathai";"Mon jarai kathai kathai";3617666955628;DG-A0S-24-33927;RMITRC08;"Music Release";Stream;1;EUR;0.000580980304;80.00
01/01/2025;01/01/2025;"YouTube UGC";Italy;"RoyalMotion IT";"Purnoy Hoq";"Pera Nai Chill 2";"Pera Nai Chill 2";3617668323364;QZ-TAS-24-88692;RMITPQ01;"Music Release";Stream;3;EUR;0.000209069526;80.00
01/01/2025;01/01/2025;"YouTube Official Content";Canada;"RoyalMotion IT";"Purnoy Hoq";"Pera Nai Chill 2";"Pera Nai Chill 2";3617668323364;QZ-TAS-24-88692;RMITPQ01;"Music Release";Stream;1;EUR;0.001488938619;80.00
01/01/2025;01/12/2024;"Facebook / Instagram";"United Arab Emirates";"RoyalMotion IT";Dorshon;"Mrittu Chithi";"Mrittu Chithi";3617666802847;DG-A0S-24-21038;RMITDS01;"Music Release";Stream;1;EUR;0.000013511552;80.00
01/01/2025;01/01/2025;"YouTube Official Content";India;"RoyalMotion IT";"Rajib Bhattacharjee";"Amari Mon";"Amari Mon";3617668990658;FR-10S-25-50218;RMITRB05;"Music Release";Stream;13;EUR;0.000586031272;80.00
01/01/2025;01/12/2024;"Facebook / Instagram";Malta;"RoyalMotion IT";Dorshon;Jontrona;Jontrona;3617667140993;DG-A0S-24-49593;RMITDS02;"Music Release";Stream;1;EUR;0.000013511552;80.00
01/01/2025;01/12/2024;"Facebook / Instagram";Bangladesh;"RoyalMotion IT";Dorshon;"Mrittu Chithi";"Mrittu Chithi";3617666802847;DG-A0S-24-21038;RMITDS01;"Music Release";Stream;1217;EUR;0.016447814400;80.00
01/01/2025;01/01/2025;"YouTube Official Content";Japan;"RoyalMotion IT";Tritio;Anurukti;Anurukti;3617668138852;DG-A0T-24-45602;RMITTI01;"Music Release";Stream;2;EUR;0.000156529445;80.00
01/01/2025;01/01/2025;"YouTube Official Content";India;"RoyalMotion IT";"Rajib Bhattacharjee";"Ekla Pakhi";"Ekla Pakhi";3617668678730;FR-10S-25-27118;RMITRB01;"Music Release";Stream;1;EUR;0.000589804886;80.00
01/01/2025;01/01/2025;"YouTube UGC";Bahrain;"RoyalMotion IT";Tritio;Anurukti;Anurukti;3617668138852;DG-A0T-24-45602;RMITTI01;"Music Release";Stream;1;EUR;0.000718108370;80.00
01/01/2025;01/01/2025;"YouTube UGC";"United Arab Emirates";"RoyalMotion IT";"Purnoy Hoq";"Pera Nai Chill 2";"Pera Nai Chill 2";3617668323364;QZ-TAS-24-88692;RMITPQ01;"Music Release";Stream;1;EUR;0.265450728259;80.00
01/01/2025;01/01/2025;"YouTube Official Content";Bangladesh;"RoyalMotion IT";Dorshon;Jontrona;Jontrona;3617667140993;DG-A0S-24-49593;RMITDS02;"Music Release";Stream;6;EUR;0.001252440566;80.00
01/01/2025;01/12/2024;"Facebook / Instagram";"Brunei Darussalam";"RoyalMotion IT";"Band Chandrarango";"Tomar Kolpona";"Tomar Kolpona তোমার কল্পনা";3617666130186;DG-A0R-24-49372;;"Music Release";Stream;1;EUR;0.000013511552;80.00
01/01/2025;01/12/2024;"Facebook / Instagram";"Saudi Arabia";"RoyalMotion IT";"Band Chandrarango";"Tomar Kolpona";"Tomar Kolpona তোমার কল্পনা";3617666130186;DG-A0R-24-49372;;"Music Release";Stream;5;EUR;0.000067557760;80.00
01/01/2025;01/01/2025;"YouTube UGC";Australia;"RoyalMotion IT";"Purnoy Hoq";"Pera Nai Chill 2";"Pera Nai Chill 2";3617668323364;QZ-TAS-24-88692;RMITPQ01;"Music Release";Stream;3;EUR;0.000857185054;80.00
01/01/2025;01/01/2025;"YouTube Official Content";Malaysia;"RoyalMotion IT";Tritio;Anurukti;Anurukti;3617668138852;DG-A0T-24-45602;RMITTI01;"Music Release";Stream;1;EUR;0.000073810632;80.00
01/01/2025;01/01/2025;"YouTube UGC";Malaysia;"RoyalMotion IT";"Ranjan Chowdhury, Subhamita Banerjee";"Mon jarai kathai kathai";"Mon jarai kathai kathai";3617666955628;DG-A0S-24-33927;RMITRC08;"Music Release";Stream;1;EUR;0.000032420926;80.00
01/01/2025;01/11/2024;TikTok;Bangladesh;"RoyalMotion IT";"Band Chandrarango";"Tomar Kolpona";"Tomar Kolpona তোমার কল্পনা";3617666130186;DG-A0R-24-49372;;"Music Release";Creation;1;EUR;0.001394398436;80.00
01/01/2025;01/01/2025;"YouTube UGC";"United States";"RoyalMotion IT";"Rajib Bhattacharjee";"Nodi Tumi Apon Mone";"Nodi Tumi Apon Mone";3617668678907;FR-10S-25-27145;RMITRB02;"Music Release";Stream;5;EUR;0.001606502413;80.00
01/01/2025;01/01/2025;"YouTube Official Content";Qatar;"RoyalMotion IT";"Ranjan Chowdhury, Subhamita Banerjee";"Bolo To Tumi";"Bolo To Tumi";3617668545759;FR-10S-25-17317;RMITRC12;"Music Release";Stream;1;EUR;0.000028315286;80.00
01/01/2025;01/11/2024;"Facebook / Instagram";Malaysia;"RoyalMotion IT";Dorshon;"Mrittu Chithi";"Mrittu Chithi";3617666802847;DG-A0S-24-21038;RMITDS01;"Music Release";Creation;6;EUR;0.000666142879;80.00
01/01/2025;01/01/2025;"YouTube UGC";India;"RoyalMotion IT";Dorshon;Jontrona;Jontrona;3617667140993;DG-A0S-24-49593;RMITDS02;"Music Release";Stream;1;EUR;0.000022724949;80.00
01/01/2025;01/12/2024;"Facebook / Instagram";Qatar;"RoyalMotion IT";Dorshon;Jontrona;Jontrona;3617667140993;DG-A0S-24-49593;RMITDS02;"Music Release";Stream;6;EUR;0.000081069312;80.00
01/01/2025;01/12/2024;"Facebook / Instagram";Pakistan;"RoyalMotion IT";Dorshon;"Mrittu Chithi";"Mrittu Chithi";3617666802847;DG-A0S-24-21038;RMITDS01;"Music Release";Stream;2;EUR;0.000027023104;80.00
01/01/2025;01/12/2024;"Facebook / Instagram";Italy;"RoyalMotion IT";Dorshon;Jontrona;Jontrona;3617667140993;DG-A0S-24-49593;RMITDS02;"Music Release";Stream;3;EUR;0.000040534656;80.00
01/01/2025;01/12/2024;"Facebook / Instagram";Bangladesh;"RoyalMotion IT";"Ranjan Chowdhury, Subhamita Banerjee";"Mon jarai kathai kathai";"Mon jarai kathai kathai";3617666955628;DG-A0S-24-33927;RMITRC08;"Music Release";Stream;4;EUR;0.000054046208;80.00
01/01/2025;01/12/2024;"Facebook / Instagram";Algeria;"RoyalMotion IT";Dorshon;"Mrittu Chithi";"Mrittu Chithi";3617666802847;DG-A0S-24-21038;RMITDS01;"Music Release";Stream;1;EUR;0.000013511552;80.00
01/01/2025;01/01/2025;"YouTube Official Content";"United Arab Emirates";"RoyalMotion IT";"Ranjan Chowdhury";"O Chokhe Dekhechi";"O Chokhe Dekhechi";3617668678709;FR-10S-25-27117;RMITRC13;"Music Release";Stream;2;EUR;0.001766046640;80.00
01/01/2025;01/01/2025;"Apple Music";India;"RoyalMotion IT";"Arif Chowdhury Prince";"Prothom Dekha";"Prothom Dekha";7316470718929;HK-K97-22-20677;RMITACP02;"Music Release";Stream;1;EUR;0.000328258853;80.00
01/01/2025;01/12/2024;"Facebook / Instagram";Romania;"RoyalMotion IT";Dorshon;Jontrona;Jontrona;3617667140993;DG-A0S-24-49593;RMITDS02;"Music Release";Stream;1;EUR;0.000013511552;80.00
01/01/2025;01/12/2024;"Facebook / Instagram";"United Kingdom";"RoyalMotion IT";Dorshon;"Mrittu Chithi";"Mrittu Chithi";3617666802847;DG-A0S-24-21038;RMITDS01;"Music Release";Stream;2;EUR;0.000027023104;80.00
01/01/2025;01/01/2025;"YouTube Official Content";"United States";"RoyalMotion IT";"Ranjan Chowdhury, Moumita Barua";"E kemon Valobasa Bujhina";"E kemon Valobasa Bujhina";3617668545742;FR-10S-25-17316;RMITRC10;"Music Release";Stream;1;EUR;0.002555374998;80.00
01/01/2025;01/12/2024;"Facebook / Instagram";Qatar;"RoyalMotion IT";Dorshon;"Mrittu Chithi";"Mrittu Chithi";3617666802847;DG-A0S-24-21038;RMITDS01;"Music Release";Stream;2;EUR;0.000027023104;80.00
01/01/2025;01/12/2024;"Ultimate Music";"China Mainland";"RoyalMotion IT";"Ranjan Chowdhury, Subhamita Banerjee";"Mon jarai kathai kathai";"Mon jarai kathai kathai";3617666955628;DG-A0S-24-33927;RMITRC08;"Music Release";Stream;1;EUR;0.002269454158;80.00
01/01/2025;01/01/2025;"YouTube UGC";"United Arab Emirates";"RoyalMotion IT";Tritio;Anurukti;Anurukti;3617668138852;DG-A0T-24-45602;RMITTI01;"Music Release";Stream;3;EUR;0.001101705498;80.00
01/01/2025;01/01/2025;"YouTube Official Content";"United Kingdom";"RoyalMotion IT";"Ranjan Chowdhury, Moumita Barua";"E kemon Valobasa Bujhina";"E kemon Valobasa Bujhina";3617668545742;FR-10S-25-17316;RMITRC10;"Music Release";Stream;1;EUR;0.005732731833;80.00
01/01/2025;01/01/2025;"YouTube Official Content";India;"RoyalMotion IT";Dorshon;"Mrittu Chithi";"Mrittu Chithi";3617666802847;DG-A0S-24-21038;RMITDS01;"Music Release";Stream;3;EUR;0.001442466646;80.00
01/01/2025;01/01/2025;"YouTube Official Content";Singapore;"RoyalMotion IT";"Purnoy Hoq";"Pera Nai Chill 2";"Pera Nai Chill 2";3617668323364;QZ-TAS-24-88692;RMITPQ01;"Music Release";Stream;1;EUR;0.016442909114;80.00
01/01/2025;01/01/2025;"YouTube Official Content";Ireland;"RoyalMotion IT";"Ranjan Chowdhury, Moumita Barua";"E kemon Valobasa Bujhina";"E kemon Valobasa Bujhina";3617668545742;FR-10S-25-17316;RMITRC10;"Music Release";Stream;8;EUR;0.014627231309;80.00
01/01/2025;01/11/2024;"Ultimate Music";"China Mainland";"RoyalMotion IT";Dorshon;"Mrittu Chithi";"Mrittu Chithi";3617666802847;DG-A0S-24-21038;RMITDS01;"Music Release";Stream;2;EUR;0.004140411028;80.00
01/01/2025;01/12/2024;"Facebook / Instagram";Bangladesh;"RoyalMotion IT";Dorshon;Jontrona;Jontrona;3617667140993;DG-A0S-24-49593;RMITDS02;"Music Release";Stream;2860;EUR;0.038643038720;80.00
01/01/2025;01/01/2025;"YouTube Official Content";Ireland;"RoyalMotion IT";"Ranjan Chowdhury, Subhamita Banerjee";"Mon jarai kathai kathai";"Mon jarai kathai kathai";3617666955628;DG-A0S-24-33927;RMITRC08;"Music Release";Stream;2;EUR;0.002626322286;80.00
01/01/2025;01/01/2025;"YouTube UGC";Jordan;"RoyalMotion IT";"Purnoy Hoq";"Pera Nai Chill 2";"Pera Nai Chill 2";3617668323364;QZ-TAS-24-88692;RMITPQ01;"Music Release";Stream;1;EUR;0.000216947507;80.00
01/01/2025;01/12/2024;"Facebook / Instagram";Malawi;"RoyalMotion IT";Dorshon;"Mrittu Chithi";"Mrittu Chithi";3617666802847;DG-A0S-24-21038;RMITDS01;"Music Release";Stream;1;EUR;0.000013511552;80.00
01/01/2025;01/12/2024;"Ultimate Music";"China Mainland";"RoyalMotion IT";"Arif Chowdhury Prince";"Tomay Vebe Vebe";"Tomay Vebe Vebe";7316470349895;HK-K97-22-02083;RMITACP01;"Music Release";Stream;1;EUR;0.002269454158;80.00
01/01/2025;01/01/2025;"YouTube Official Content";"Saudi Arabia";"RoyalMotion IT";"Ranjan Chowdhury, Moumita Barua";"E kemon Valobasa Bujhina";"E kemon Valobasa Bujhina";3617668545742;FR-10S-25-17316;RMITRC10;"Music Release";Stream;16;EUR;0.001185742358;80.00
01/01/2025;01/01/2025;"YouTube Official Content";India;"RoyalMotion IT";"Ranjan Chowdhury";"O Chokhe Dekhechi";"O Chokhe Dekhechi";3617668678709;FR-10S-25-27117;RMITRC13;"Music Release";Stream;198;EUR;0.016935840938;80.00
01/01/2025;01/01/2025;"YouTube Official Content";Ukraine;"RoyalMotion IT";Dorshon;Shomoy;Shomoy;5063585887249;GX-5MY-24-59870;RMITDS03;"Music Release";Stream;1;EUR;0.000848720828;80.00
01/01/2025;01/01/2025;"YouTube Official Content";"United Arab Emirates";"RoyalMotion IT";"Ranjan Chowdhury, Moumita Barua";"E kemon Valobasa Bujhina";"E kemon Valobasa Bujhina";3617668545742;FR-10S-25-17316;RMITRC10;"Music Release";Stream;5;EUR;0.000523991861;80.00
01/01/2025;01/01/2025;"YouTube UGC";"Saudi Arabia";"RoyalMotion IT";Dorshon;Shomoy;Shomoy;5063585887249;GX-5MY-24-59870;RMITDS03;"Music Release";Stream;1;EUR;0.000051206884;80.00
01/01/2025;01/01/2025;"YouTube Official Content";Bangladesh;"RoyalMotion IT";Dorshon;"Mrittu Chithi";"Mrittu Chithi";3617666802847;DG-A0S-24-21038;RMITDS01;"Music Release";Stream;44;EUR;0.010840307124;80.00
01/01/2025;01/01/2025;"YouTube Official Content";France;"RoyalMotion IT";"Ranjan Chowdhury";"Tumi Chao Bole";"Tumi Chao Bole";3617668545735;FR-10S-25-17315;RMITRC09;"Music Release";Stream;1;EUR;0.000137440488;80.00
01/01/2025;01/01/2025;"YouTube UGC";Canada;"RoyalMotion IT";"Purnoy Hoq";"Pera Nai Chill 2";"Pera Nai Chill 2";3617668323364;QZ-TAS-24-88692;RMITPQ01;"Music Release";Stream;3;EUR;0.000611149612;80.00
01/01/2025;01/11/2024;TikTok;Bangladesh;"RoyalMotion IT";Dorshon;"Mrittu Chithi";"Mrittu Chithi";3617666802847;DG-A0S-24-21038;RMITDS01;"Music Release";Creation;2;EUR;0.002788796754;80.00
01/01/2025;01/12/2024;"Facebook / Instagram";Italy;"RoyalMotion IT";"Band Chandrarango";"Tomar Kolpona";"Tomar Kolpona তোমার কল্পনা";3617666130186;DG-A0R-24-49372;;"Music Release";Stream;1;EUR;0.000013511552;80.00
01/01/2025;01/01/2025;"YouTube UGC";Germany;"RoyalMotion IT";Tritio;Anurukti;Anurukti;3617668138852;DG-A0T-24-45602;RMITTI01;"Music Release";Stream;1;EUR;0.001824964856;80.00
01/01/2025;01/01/2025;"YouTube UGC";"United States";"RoyalMotion IT";Tritio;Anurukti;Anurukti;3617668138852;DG-A0T-24-45602;RMITTI01;"Music Release";Stream;3;EUR;0.015276619313;80.00
01/01/2025;01/01/2025;"YouTube Official Content";"United States";"RoyalMotion IT";"Rajib Bhattacharjee";"Nodi Tumi Apon Mone";"Nodi Tumi Apon Mone";3617668678907;FR-10S-25-27145;RMITRB02;"Music Release";Stream;1;EUR;0.004099989740;80.00
01/01/2025;01/11/2024;"Facebook / Instagram";Worldwide;"RoyalMotion IT";"Band Chandrarango";"Tomar Kolpona";"Tomar Kolpona তোমার কল্পনা";3617666130186;DG-A0R-24-49372;;"Music Release";Creation;104;EUR;0.036718868749;80.00
01/01/2025;01/01/2025;"YouTube Official Content";Bangladesh;"RoyalMotion IT";"Ranjan Chowdhury, Moumita Barua";"E kemon Valobasa Bujhina";"E kemon Valobasa Bujhina";3617668545742;FR-10S-25-17316;RMITRC10;"Music Release";Stream;291;EUR;0.006470878881;80.00
01/01/2025;01/01/2025;"YouTube UGC";"Saudi Arabia";"RoyalMotion IT";Tritio;Anurukti;Anurukti;3617668138852;DG-A0T-24-45602;RMITTI01;"Music Release";Stream;24;EUR;0.007492869926;80.00
01/01/2025;01/11/2024;"Facebook / Instagram";Qatar;"RoyalMotion IT";Dorshon;"Mrittu Chithi";"Mrittu Chithi";3617666802847;DG-A0S-24-21038;RMITDS01;"Music Release";Creation;6;EUR;0.011578675609;80.00
01/01/2025;01/01/2025;"YouTube UGC";Canada;"RoyalMotion IT";"Band Chandrarango";"Tomar Kolpona";"Tomar Kolpona তোমার কল্পনা";3617666130186;DG-A0R-24-49372;;"Music Release";Stream;1;EUR;0.001719218096;80.00
01/01/2025;01/12/2024;Yandex;Uzbekistan;"RoyalMotion IT";Dorshon;Jontrona;Jontrona;3617667140993;DG-A0S-24-49593;RMITDS02;"Music Release";Stream;1;EUR;0.000180054654;80.00
01/01/2025;01/01/2025;"YouTube UGC";Bangladesh;"RoyalMotion IT";"Ranjan Chowdhury, Subhamita Banerjee";"Mon jarai kathai kathai";"Mon jarai kathai kathai";3617666955628;DG-A0S-24-33927;RMITRC08;"Music Release";Stream;1;EUR;0.000884181323;80.00
01/01/2025;01/01/2025;"YouTube UGC";Nepal;"RoyalMotion IT";Tritio;Anurukti;Anurukti;3617668138852;DG-A0T-24-45602;RMITTI01;"Music Release";Stream;1;EUR;0.000154529650;80.00
01/01/2025;01/01/2025;"YouTube Official Content";Qatar;"RoyalMotion IT";"Ranjan Chowdhury";"Tumi Chao Bole";"Tumi Chao Bole";3617668545735;FR-10S-25-17315;RMITRC09;"Music Release";Stream;1;EUR;0.000040404958;80.00
01/01/2025;01/01/2025;"YouTube Official Content";Singapore;"RoyalMotion IT";"Ranjan Chowdhury, Moumita Barua";"E kemon Valobasa Bujhina";"E kemon Valobasa Bujhina";3617668545742;FR-10S-25-17316;RMITRC10;"Music Release";Stream;4;EUR;0.002510515950;80.00
01/01/2025;01/01/2025;"YouTube UGC";Bangladesh;"RoyalMotion IT";Tritio;Anurukti;Anurukti;3617668138852;DG-A0T-24-45602;RMITTI01;"Music Release";Stream;892;EUR;0.041904720192;80.00
01/01/2025;01/01/2025;"YouTube UGC";Kuwait;"RoyalMotion IT";"Band Chandrarango";"Tomar Kolpona";"Tomar Kolpona তোমার কল্পনা";3617666130186;DG-A0R-24-49372;;"Music Release";Stream;1;EUR;0.001098675506;80.00
01/01/2025;01/01/2025;"YouTube Official Content";"United States";"RoyalMotion IT";"Rajib Bhattacharjee";"Bristi Namar Aage";"Bristi Namar Aage";3617668990641;FR-10S-25-50215;RMITRB04;"Music Release";Stream;1;EUR;0.001062618587;80.00
01/01/2025;01/12/2024;"Facebook / Instagram";France;"RoyalMotion IT";Dorshon;Jontrona;Jontrona;3617667140993;DG-A0S-24-49593;RMITDS02;"Music Release";Stream;7;EUR;0.000094580864;80.00
01/01/2025;01/01/2025;"YouTube UGC";"Saudi Arabia";"RoyalMotion IT";"Purnoy Hoq";"Pera Nai Chill 2";"Pera Nai Chill 2";3617668323364;QZ-TAS-24-88692;RMITPQ01;"Music Release";Stream;2;EUR;0.000030602930;80.00
01/01/2025;01/01/2025;"YouTube Official Content";Ireland;"RoyalMotion IT";"Ranjan Chowdhury";"Tumi Chao Bole";"Tumi Chao Bole";3617668545735;FR-10S-25-17315;RMITRC09;"Music Release";Stream;5;EUR;0.004033178392;80.00
01/01/2025;01/01/2025;"YouTube Official Content";India;"RoyalMotion IT";Tritio;Anurukti;Anurukti;3617668138852;DG-A0T-24-45602;RMITTI01;"Music Release";Stream;5;EUR;0.002299091454;80.00
01/01/2025;01/12/2024;Kkbox;Taiwan;"RoyalMotion IT";"Ranjan Chowdhury, Subhamita Banerjee";"Mon jarai kathai kathai";"Mon jarai kathai kathai";3617666955628;DG-A0S-24-33927;RMITRC08;"Music Release";Stream;1;EUR;0.001514731590;80.00
01/01/2025;01/12/2024;"Tencent QQ/CN";"China Mainland";"RoyalMotion IT";"Arif Chowdhury Prince";"Tomay Vebe Vebe";"Tomay Vebe Vebe";7316470349895;HK-K97-22-02083;RMITACP01;"Music Release";Stream;1;EUR;0.000466852766;80.00
01/01/2025;01/12/2024;"Facebook / Instagram";Philippines;"RoyalMotion IT";Dorshon;Jontrona;Jontrona;3617667140993;DG-A0S-24-49593;RMITDS02;"Music Release";Stream;3;EUR;0.000040534656;80.00
01/01/2025;01/12/2024;"Facebook / Instagram";Cambodia;"RoyalMotion IT";Dorshon;Jontrona;Jontrona;3617667140993;DG-A0S-24-49593;RMITDS02;"Music Release";Stream;2;EUR;0.000027023104;80.00
01/01/2025;01/01/2025;"YouTube Official Content";"United States";"RoyalMotion IT";"Ranjan Chowdhury, Subhamita Banerjee";"Bolo To Tumi";"Bolo To Tumi";3617668545759;FR-10S-25-17317;RMITRC12;"Music Release";Stream;1;EUR;0.007299617026;80.00
01/01/2025;01/12/2024;"Ultimate Music";"China Mainland";"RoyalMotion IT";"Arif Chowdhury Prince";"Prothom Dekha";"Prothom Dekha";7316470718929;HK-K97-22-20677;RMITACP02;"Music Release";Stream;1;EUR;0.002269454158;80.00
01/01/2025;01/01/2025;"YouTube UGC";"South Africa";"RoyalMotion IT";Dorshon;Jontrona;Jontrona;3617667140993;DG-A0S-24-49593;RMITDS02;"Music Release";Stream;1;EUR;0.000058478867;80.00
01/01/2025;01/12/2024;"Facebook / Instagram";"Saudi Arabia";"RoyalMotion IT";Dorshon;Jontrona;Jontrona;3617667140993;DG-A0S-24-49593;RMITDS02;"Music Release";Stream;36;EUR;0.000486415872;80.00
01/01/2025;01/01/2025;"YouTube UGC";India;"RoyalMotion IT";"Ranjan Chowdhury, Subhamita Banerjee";"Bolo To Tumi";"Bolo To Tumi";3617668545759;FR-10S-25-17317;RMITRC12;"Music Release";Stream;5;EUR;0.006920807286;80.00
01/01/2025;01/12/2024;"Amazon Music Streaming";India;"RoyalMotion IT";"Ranjan Chowdhury, Subhamita Banerjee";"Mon jarai kathai kathai";"Mon jarai kathai kathai";3617666955628;DG-A0S-24-33927;RMITRC08;"Music Release";Stream;5;EUR;0.002208155100;80.00
01/01/2025;01/01/2025;"YouTube UGC";"United States";"RoyalMotion IT";"Purnoy Hoq";"Pera Nai Chill 2";"Pera Nai Chill 2";3617668323364;QZ-TAS-24-88692;RMITPQ01;"Music Release";Stream;3;EUR;0.003780522416;80.00
01/01/2025;01/01/2025;"YouTube Official Content";Italy;"RoyalMotion IT";"Ranjan Chowdhury, Moumita Barua";"E kemon Valobasa Bujhina";"E kemon Valobasa Bujhina";3617668545742;FR-10S-25-17316;RMITRC10;"Music Release";Stream;1;EUR;0.000271699483;80.00
01/01/2025;01/12/2024;Yandex;Kazakhstan;"RoyalMotion IT";Dorshon;"Mrittu Chithi";"Mrittu Chithi";3617666802847;DG-A0S-24-21038;RMITDS01;"Music Release";Stream;1;EUR;0.000180054654;80.00
01/01/2025;01/01/2025;"YouTube Official Content";"Saudi Arabia";"RoyalMotion IT";"Ranjan Chowdhury, Subhamita Banerjee";"Bolo To Tumi";"Bolo To Tumi";3617668545759;FR-10S-25-17317;RMITRC12;"Music Release";Stream;1;EUR;0.000039768660;80.00
01/01/2025;01/12/2024;"Facebook / Instagram";Bangladesh;"RoyalMotion IT";"Band Chandrarango";"Tomar Kolpona";"Tomar Kolpona তোমার কল্পনা";3617666130186;DG-A0R-24-49372;;"Music Release";Stream;310;EUR;0.004199220160;80.00
01/01/2025;01/01/2025;"YouTube Official Content";India;"RoyalMotion IT";"Ranjan Chowdhury, Moumita Barua";"E kemon Valobasa Bujhina";"E kemon Valobasa Bujhina";3617668545742;FR-10S-25-17316;RMITRC10;"Music Release";Stream;125;EUR;0.006127016959;80.00
01/01/2025;01/12/2024;"Facebook / Instagram";"Sri Lanka";"RoyalMotion IT";Dorshon;Jontrona;Jontrona;3617667140993;DG-A0S-24-49593;RMITDS02;"Music Release";Stream;1;EUR;0.000013511552;80.00
01/01/2025;01/12/2024;"Facebook / Instagram";Kuwait;"RoyalMotion IT";Dorshon;Jontrona;Jontrona;3617667140993;DG-A0S-24-49593;RMITDS02;"Music Release";Stream;2;EUR;0.000027023104;80.00
01/01/2025;01/12/2024;Yandex;"Russian Federation";"RoyalMotion IT";Dorshon;Jontrona;Jontrona;3617667140993;DG-A0S-24-49593;RMITDS02;"Music Release";Stream;22;EUR;0.003961202407;80.00
01/01/2025;01/01/2025;"YouTube UGC";Qatar;"RoyalMotion IT";Tritio;Anurukti;Anurukti;3617668138852;DG-A0T-24-45602;RMITTI01;"Music Release";Stream;3;EUR;0.000907482939;80.00
01/01/2025;01/01/2025;"YouTube Official Content";Bangladesh;"RoyalMotion IT";"Ranjan Chowdhury, Subhamita Banerjee";"Bolo To Tumi";"Bolo To Tumi";3617668545759;FR-10S-25-17317;RMITRC12;"Music Release";Stream;23;EUR;0.001244281823;80.00
01/01/2025;01/12/2024;"Facebook / Instagram";Malaysia;"RoyalMotion IT";Dorshon;Jontrona;Jontrona;3617667140993;DG-A0S-24-49593;RMITDS02;"Music Release";Stream;18;EUR;0.000243207936;80.00
01/01/2025;01/01/2025;"YouTube Official Content";Bangladesh;"RoyalMotion IT";Tritio;Anurukti;Anurukti;3617668138852;DG-A0T-24-45602;RMITTI01;"Music Release";Stream;148;EUR;0.003886828512;80.00
01/01/2025;01/01/2025;"YouTube UGC";Bangladesh;"RoyalMotion IT";"Purnoy Hoq";"Pera Nai Chill 2";"Pera Nai Chill 2";3617668323364;QZ-TAS-24-88692;RMITPQ01;"Music Release";Stream;413;EUR;0.002910365719;80.00
01/01/2025;01/12/2024;"Facebook / Instagram";"United States";"RoyalMotion IT";Dorshon;"Mrittu Chithi";"Mrittu Chithi";3617666802847;DG-A0S-24-21038;RMITDS01;"Music Release";Stream;1;EUR;0.000013511552;80.00
01/01/2025;01/01/2025;"YouTube UGC";Bangladesh;"RoyalMotion IT";Dorshon;Jontrona;Jontrona;3617667140993;DG-A0S-24-49593;RMITDS02;"Music Release";Stream;8;EUR;0.004623886520;80.00
01/01/2025;01/01/2025;"Apple Music";"United Kingdom";"RoyalMotion IT";"Arif Chowdhury Prince";"Tomay Vebe Vebe";"Tomay Vebe Vebe";7316470349895;HK-K97-22-02083;RMITACP01;"Music Release";Stream;1;EUR;0.005037717019;80.00
01/01/2025;01/12/2024;"Facebook / Instagram";Nepal;"RoyalMotion IT";Dorshon;Jontrona;Jontrona;3617667140993;DG-A0S-24-49593;RMITDS02;"Music Release";Stream;2;EUR;0.000027023104;80.00
01/01/2025;01/12/2024;"Facebook / Instagram";"Saudi Arabia";"RoyalMotion IT";Dorshon;"Mrittu Chithi";"Mrittu Chithi";3617666802847;DG-A0S-24-21038;RMITDS01;"Music Release";Stream;7;EUR;0.000094580864;80.00
01/01/2025;01/01/2025;"YouTube UGC";Oman;"RoyalMotion IT";Tritio;Anurukti;Anurukti;3617668138852;DG-A0T-24-45602;RMITTI01;"Music Release";Stream;3;EUR;0.000248459435;80.00
01/01/2025;01/12/2024;"Facebook / Instagram";India;"RoyalMotion IT";"Band Chandrarango";"Tomar Kolpona";"Tomar Kolpona তোমার কল্পনা";3617666130186;DG-A0R-24-49372;;"Music Release";Stream;3;EUR;0.000040534656;80.00
01/01/2025;01/01/2025;"YouTube UGC";Singapore;"RoyalMotion IT";Tritio;Anurukti;Anurukti;3617668138852;DG-A0T-24-45602;RMITTI01;"Music Release";Stream;3;EUR;0.006621140966;80.00
01/01/2025;01/11/2024;"Facebook / Instagram";Bangladesh;"RoyalMotion IT";Dorshon;"Mrittu Chithi";"Mrittu Chithi";3617666802847;DG-A0S-24-21038;RMITDS01;"Music Release";Creation;12;EUR;0.000258830627;80.00
01/01/2025;01/01/2025;"YouTube UGC";India;"RoyalMotion IT";"Ranjan Chowdhury, Subhamita Banerjee";"Mon jarai kathai kathai";"Mon jarai kathai kathai";3617666955628;DG-A0S-24-33927;RMITRC08;"Music Release";Stream;2;EUR;0.000166346622;80.00
01/01/2025;01/01/2025;"YouTube Official Content";India;"RoyalMotion IT";"Ranjan Chowdhury";"Tumi Chao Bole";"Tumi Chao Bole";3617668545735;FR-10S-25-17315;RMITRC09;"Music Release";Stream;12;EUR;0.002212410076;80.00
01/01/2025;01/01/2025;"YouTube Official Content";"Korea, Republic Of";"RoyalMotion IT";"Ranjan Chowdhury";"O Chokhe Dekhechi";"O Chokhe Dekhechi";3617668678709;FR-10S-25-27117;RMITRC13;"Music Release";Stream;1;EUR;0.000120578576;80.00
01/01/2025;01/12/2024;"Tencent QQ/CN";"China Mainland";"RoyalMotion IT";"Band Chandrarango";"Tomar Kolpona";"Tomar Kolpona তোমার কল্পনা";3617666130186;DG-A0R-24-49372;;"Music Release";Stream;1;EUR;0.000063859503;80.00
01/01/2025;01/01/2025;"YouTube Official Content";India;"RoyalMotion IT";"Rajib Bhattacharjee";"Nodi Tumi Apon Mone";"Nodi Tumi Apon Mone";3617668678907;FR-10S-25-27145;RMITRB02;"Music Release";Stream;7;EUR;0.000433001288;80.00
01/01/2025;01/01/2025;"YouTube UGC";Malaysia;"RoyalMotion IT";Tritio;Anurukti;Anurukti;3617668138852;DG-A0T-24-45602;RMITTI01;"Music Release";Stream;4;EUR;0.000283607356;80.00
01/01/2025;01/12/2024;"Facebook / Instagram";"Viet Nam";"RoyalMotion IT";Dorshon;"Mrittu Chithi";"Mrittu Chithi";3617666802847;DG-A0S-24-21038;RMITDS01;"Music Release";Stream;1;EUR;0.000013511552;80.00
01/01/2025;01/01/2025;"YouTube Official Content";Bangladesh;"RoyalMotion IT";"Ranjan Chowdhury";"Tumi Chao Bole";"Tumi Chao Bole";3617668545735;FR-10S-25-17315;RMITRC09;"Music Release";Stream;104;EUR;0.005270989788;80.00
01/01/2025;01/12/2024;"Facebook / Instagram";Pakistan;"RoyalMotion IT";Dorshon;Jontrona;Jontrona;3617667140993;DG-A0S-24-49593;RMITDS02;"Music Release";Stream;1;EUR;0.000013511552;80.00
01/01/2025;01/01/2025;"YouTube Official Content";Canada;"RoyalMotion IT";Tritio;Anurukti;Anurukti;3617668138852;DG-A0T-24-45602;RMITTI01;"Music Release";Stream;1;EUR;0.003674942306;80.00
01/01/2025;01/01/2025;"YouTube UGC";Malaysia;"RoyalMotion IT";"Band Chandrarango";"Tomar Kolpona";"Tomar Kolpona তোমার কল্পনা";3617666130186;DG-A0R-24-49372;;"Music Release";Stream;7;EUR;0.001739519050;80.00
01/01/2025;01/01/2025;"YouTube UGC";India;"RoyalMotion IT";"Band Chandrarango";"Tomar Kolpona";"Tomar Kolpona তোমার কল্পনা";3617666130186;DG-A0R-24-49372;;"Music Release";Stream;5;EUR;0.001634811820;80.00
01/01/2025;01/12/2024;"Facebook / Instagram";Singapore;"RoyalMotion IT";Dorshon;Jontrona;Jontrona;3617667140993;DG-A0S-24-49593;RMITDS02;"Music Release";Stream;4;EUR;0.000054046208;80.00
01/01/2025;01/01/2025;"YouTube Official Content";Switzerland;"RoyalMotion IT";"Ranjan Chowdhury";"O Chokhe Dekhechi";"O Chokhe Dekhechi";3617668678709;FR-10S-25-27117;RMITRC13;"Music Release";Stream;1;EUR;0.004693974442;80.00
01/01/2025;01/12/2024;"Facebook / Instagram";"United Kingdom";"RoyalMotion IT";"Band Chandrarango";"Tomar Kolpona";"Tomar Kolpona তোমার কল্পনা";3617666130186;DG-A0R-24-49372;;"Music Release";Stream;1;EUR;0.000013511552;80.00
01/01/2025;01/01/2025;"YouTube UGC";Bangladesh;"RoyalMotion IT";Dorshon;Shomoy;Shomoy;5063585887249;GX-5MY-24-59870;RMITDS03;"Music Release";Stream;96;EUR;0.009259199325;80.00
01/01/2025;01/01/2025;"YouTube UGC";Italy;"RoyalMotion IT";"Band Chandrarango";"Tomar Kolpona";"Tomar Kolpona তোমার কল্পনা";3617666130186;DG-A0R-24-49372;;"Music Release";Stream;2;EUR;0.001163517358;80.00
01/01/2025;01/12/2024;"Facebook / Instagram";India;"RoyalMotion IT";Dorshon;"Mrittu Chithi";"Mrittu Chithi";3617666802847;DG-A0S-24-21038;RMITDS01;"Music Release";Stream;4;EUR;0.000054046208;80.00
01/01/2025;01/01/2025;"YouTube UGC";"United Kingdom";"RoyalMotion IT";"Rajib Bhattacharjee";"Nodi Tumi Apon Mone";"Nodi Tumi Apon Mone";3617668678907;FR-10S-25-27145;RMITRB02;"Music Release";Stream;1;EUR;0.013566210800;80.00
01/01/2025;01/12/2024;"Facebook / Instagram";Japan;"RoyalMotion IT";Dorshon;Jontrona;Jontrona;3617667140993;DG-A0S-24-49593;RMITDS02;"Music Release";Stream;4;EUR;0.000054046208;80.00
01/01/2025;01/01/2025;"YouTube UGC";"United Kingdom";"RoyalMotion IT";"Purnoy Hoq";"Pera Nai Chill 2";"Pera Nai Chill 2";3617668323364;QZ-TAS-24-88692;RMITPQ01;"Music Release";Stream;1;EUR;0.000157862642;80.00
01/01/2025;01/12/2024;"Amazon Music Streaming";"United States";"RoyalMotion IT";Dorshon;Shomoy;Shomoy;5063585887249;GX-5MY-24-59870;RMITDS03;"Music Release";Stream;1;EUR;0.001589447819;80.00
01/01/2025;01/12/2024;"Facebook / Instagram";Malaysia;"RoyalMotion IT";"Band Chandrarango";"Tomar Kolpona";"Tomar Kolpona তোমার কল্পনা";3617666130186;DG-A0R-24-49372;;"Music Release";Stream;1;EUR;0.000013511552;80.00
01/01/2025;01/01/2025;"YouTube UGC";"United Kingdom";"RoyalMotion IT";Tritio;Anurukti;Anurukti;3617668138852;DG-A0T-24-45602;RMITTI01;"Music Release";Stream;2;EUR;0.002715176834;80.00
01/01/2025;01/01/2025;"YouTube Official Content";Bangladesh;"RoyalMotion IT";"Ranjan Chowdhury";"O Chokhe Dekhechi";"O Chokhe Dekhechi";3617668678709;FR-10S-25-27117;RMITRC13;"Music Release";Stream;281;EUR;0.008765056110;80.00
01/01/2025;01/01/2025;"YouTube UGC";"Saudi Arabia";"RoyalMotion IT";"Band Chandrarango";"Tomar Kolpona";"Tomar Kolpona তোমার কল্পনা";3617666130186;DG-A0R-24-49372;;"Music Release";Stream;4;EUR;0.000620239591;80.00
01/01/2025;01/12/2024;"Facebook / Instagram";Oman;"RoyalMotion IT";"Band Chandrarango";"Tomar Kolpona";"Tomar Kolpona তোমার কল্পনা";3617666130186;DG-A0R-24-49372;;"Music Release";Stream;2;EUR;0.000027023104;80.00
01/01/2025;01/12/2024;"Facebook / Instagram";Finland;"RoyalMotion IT";Dorshon;Jontrona;Jontrona;3617667140993;DG-A0S-24-49593;RMITDS02;"Music Release";Stream;2;EUR;0.000027023104;80.00
01/01/2025;01/01/2025;"YouTube Official Content";Bangladesh;"RoyalMotion IT";Dorshon;Shomoy;Shomoy;5063585887249;GX-5MY-24-59870;RMITDS03;"Music Release";Stream;1;EUR;0.000884181323;80.00
01/01/2025;01/01/2025;"YouTube UGC";"United States";"RoyalMotion IT";"Band Chandrarango";"Tomar Kolpona";"Tomar Kolpona তোমার কল্পনা";3617666130186;DG-A0R-24-49372;;"Music Release";Stream;3;EUR;0.014467914147;80.00
01/01/2025;01/01/2025;"YouTube UGC";Qatar;"RoyalMotion IT";"Band Chandrarango";"Tomar Kolpona";"Tomar Kolpona তোমার কল্পনা";3617666130186;DG-A0R-24-49372;;"Music Release";Stream;1;EUR;0.000513280834;80.00
01/01/2025;01/01/2025;"YouTube Official Content";"United Arab Emirates";"RoyalMotion IT";Tritio;Anurukti;Anurukti;3617668138852;DG-A0T-24-45602;RMITTI01;"Music Release";Stream;3;EUR;0.001389357895;80.00
01/01/2025;01/01/2025;"YouTube UGC";"United Kingdom";"RoyalMotion IT";Dorshon;Shomoy;Shomoy;5063585887249;GX-5MY-24-59870;RMITDS03;"Music Release";Stream;1;EUR;0.001435004742;80.00
01/01/2025;01/01/2025;"YouTube Official Content";India;"RoyalMotion IT";"Ranjan Chowdhury, Subhamita Banerjee";"Bolo To Tumi";"Bolo To Tumi";3617668545759;FR-10S-25-17317;RMITRC12;"Music Release";Stream;119;EUR;0.014251913939;80.00
01/01/2025;01/01/2025;"YouTube Official Content";Kuwait;"RoyalMotion IT";Tritio;Anurukti;Anurukti;3617668138852;DG-A0T-24-45602;RMITTI01;"Music Release";Stream;1;EUR;0.000397368448;80.00
01/01/2025;01/01/2025;"YouTube Official Content";Romania;"RoyalMotion IT";Tritio;Anurukti;Anurukti;3617668138852;DG-A0T-24-45602;RMITTI01;"Music Release";Stream;1;EUR;0.000955402280;80.00
01/01/2025;01/12/2024;"Ultimate Music";"China Mainland";"RoyalMotion IT";Dorshon;Shomoy;Shomoy;5063585887249;GX-5MY-24-59870;RMITDS03;"Music Release";Stream;1;EUR;0.002269454158;80.00
01/01/2025;01/12/2024;"Facebook / Instagram";Germany;"RoyalMotion IT";Dorshon;Jontrona;Jontrona;3617667140993;DG-A0S-24-49593;RMITDS02;"Music Release";Stream;1;EUR;0.000013511552;80.00
01/01/2025;01/01/2025;"YouTube UGC";Bangladesh;"RoyalMotion IT";"Ranjan Chowdhury, Subhamita Banerjee";"Bolo To Tumi";"Bolo To Tumi";3617668545759;FR-10S-25-17317;RMITRC12;"Music Release";Stream;3;EUR;0.000269669388;80.00
01/01/2025;01/01/2025;"YouTube Official Content";Bangladesh;"RoyalMotion IT";"Purnoy Hoq";"Pera Nai Chill 2";"Pera Nai Chill 2";3617668323364;QZ-TAS-24-88692;RMITPQ01;"Music Release";Stream;138;EUR;0.002081012788;80.00
01/01/2025;01/11/2024;"Ultimate Music";"China Mainland";"RoyalMotion IT";"Band Chandrarango";"Tomar Kolpona";"Tomar Kolpona তোমার কল্পনা";3617666130186;DG-A0R-24-49372;;"Music Release";Stream;1;EUR;0.002070205514;80.00
01/01/2025;01/01/2025;"YouTube Official Content";Spain;"RoyalMotion IT";"Purnoy Hoq";"Pera Nai Chill 2";"Pera Nai Chill 2";3617668323364;QZ-TAS-24-88692;RMITPQ01;"Music Release";Stream;1;EUR;0.000069038393;80.00
01/01/2025;01/01/2025;"YouTube Official Content";Malaysia;"RoyalMotion IT";"Rajib Bhattacharjee";"Amari Mon";"Amari Mon";3617668990658;FR-10S-25-50218;RMITRB05;"Music Release";Stream;2;EUR;0.000761967520;80.00
01/01/2025;01/01/2025;"YouTube Official Content";"Saudi Arabia";"RoyalMotion IT";"Purnoy Hoq";"Pera Nai Chill 2";"Pera Nai Chill 2";3617668323364;QZ-TAS-24-88692;RMITPQ01;"Music Release";Stream;3;EUR;0.000700246560;80.00
01/01/2025;01/01/2025;"YouTube UGC";India;"RoyalMotion IT";Tritio;Anurukti;Anurukti;3617668138852;DG-A0T-24-45602;RMITTI01;"Music Release";Stream;17;EUR;0.002612234697;80.00
01/01/2025;01/01/2025;"YouTube Official Content";Australia;"RoyalMotion IT";"Purnoy Hoq";"Pera Nai Chill 2";"Pera Nai Chill 2";3617668323364;QZ-TAS-24-88692;RMITPQ01;"Music Release";Stream;1;EUR;0.000090036246;80.00
01/01/2025;01/01/2025;"YouTube Official Content";Singapore;"RoyalMotion IT";"Ranjan Chowdhury";"O Chokhe Dekhechi";"O Chokhe Dekhechi";3617668678709;FR-10S-25-27117;RMITRC13;"Music Release";Stream;1;EUR;0.000701837306;80.00
01/01/2025;01/12/2024;Yandex;Belarus;"RoyalMotion IT";Dorshon;Jontrona;Jontrona;3617667140993;DG-A0S-24-49593;RMITDS02;"Music Release";Stream;2;EUR;0.000360109310;80.00
01/01/2025;01/01/2025;"YouTube Official Content";Malaysia;"RoyalMotion IT";"Ranjan Chowdhury, Subhamita Banerjee";"Bolo To Tumi";"Bolo To Tumi";3617668545759;FR-10S-25-17317;RMITRC12;"Music Release";Stream;1;EUR;0.000037541614;80.00
01/01/2025;01/12/2024;"Facebook / Instagram";Oman;"RoyalMotion IT";Dorshon;"Mrittu Chithi";"Mrittu Chithi";3617666802847;DG-A0S-24-21038;RMITDS01;"Music Release";Stream;2;EUR;0.000027023104;80.00
01/01/2025;01/12/2024;"Facebook / Instagram";Argentina;"RoyalMotion IT";Dorshon;Jontrona;Jontrona;3617667140993;DG-A0S-24-49593;RMITDS02;"Music Release";Stream;1;EUR;0.000013511552;80.00
01/01/2025;01/01/2025;"YouTube UGC";Sweden;"RoyalMotion IT";"Band Chandrarango";"Tomar Kolpona";"Tomar Kolpona তোমার কল্পনা";3617666130186;DG-A0R-24-49372;;"Music Release";Stream;6;EUR;0.008914845698;80.00
01/01/2025;01/12/2024;"Facebook / Instagram";Canada;"RoyalMotion IT";Dorshon;Jontrona;Jontrona;3617667140993;DG-A0S-24-49593;RMITDS02;"Music Release";Stream;3;EUR;0.000040534656;80.00
01/01/2025;01/12/2024;"Facebook / Instagram";Australia;"RoyalMotion IT";Dorshon;Jontrona;Jontrona;3617667140993;DG-A0S-24-49593;RMITDS02;"Music Release";Stream;4;EUR;0.000054046208;80.00
01/01/2025;01/01/2025;"YouTube UGC";"United States";"RoyalMotion IT";Dorshon;Jontrona;Jontrona;3617667140993;DG-A0S-24-49593;RMITDS02;"Music Release";Stream;1;EUR;0.000601756634;80.00
01/01/2025;01/12/2024;"Facebook / Instagram";Malaysia;"RoyalMotion IT";Dorshon;"Mrittu Chithi";"Mrittu Chithi";3617666802847;DG-A0S-24-21038;RMITDS01;"Music Release";Stream;8;EUR;0.000108092416;80.00
01/01/2025;01/01/2025;"YouTube UGC";Australia;"RoyalMotion IT";"Band Chandrarango";"Tomar Kolpona";"Tomar Kolpona তোমার কল্পনা";3617666130186;DG-A0R-24-49372;;"Music Release";Stream;1;EUR;0.007873846414;80.00
01/01/2025;01/01/2025;"YouTube UGC";India;"RoyalMotion IT";"Purnoy Hoq";"Pera Nai Chill 2";"Pera Nai Chill 2";3617668323364;QZ-TAS-24-88692;RMITPQ01;"Music Release";Stream;29;EUR;0.003722485442;80.00
01/01/2025;01/12/2024;"Facebook / Instagram";Cyprus;"RoyalMotion IT";Dorshon;Jontrona;Jontrona;3617667140993;DG-A0S-24-49593;RMITDS02;"Music Release";Stream;1;EUR;0.000013511552;80.00
01/01/2025;01/01/2025;"YouTube Official Content";"United States";"RoyalMotion IT";"Rajib Bhattacharjee";"Amari Mon";"Amari Mon";3617668990658;FR-10S-25-50218;RMITRB05;"Music Release";Stream;1;EUR;0.000834823704;80.00
01/01/2025;01/01/2025;"YouTube Official Content";Italy;"RoyalMotion IT";"Ranjan Chowdhury";"O Chokhe Dekhechi";"O Chokhe Dekhechi";3617668678709;FR-10S-25-27117;RMITRC13;"Music Release";Stream;1;EUR;0.000108488904;80.00
01/01/2025;01/12/2024;"Facebook / Instagram";Philippines;"RoyalMotion IT";Dorshon;"Mrittu Chithi";"Mrittu Chithi";3617666802847;DG-A0S-24-21038;RMITDS01;"Music Release";Stream;1;EUR;0.000013511552;80.00
01/01/2025;01/12/2024;"Facebook / Instagram";Oman;"RoyalMotion IT";Dorshon;Jontrona;Jontrona;3617667140993;DG-A0S-24-49593;RMITDS02;"Music Release";Stream;2;EUR;0.000027023104;80.00
01/01/2025;01/01/2025;"YouTube Official Content";Malaysia;"RoyalMotion IT";"Ranjan Chowdhury, Moumita Barua";"E kemon Valobasa Bujhina";"E kemon Valobasa Bujhina";3617668545742;FR-10S-25-17316;RMITRC10;"Music Release";Stream;5;EUR;0.000227476734;80.00
01/01/2025;01/01/2025;"YouTube Official Content";France;"RoyalMotion IT";"Ranjan Chowdhury, Moumita Barua";"E kemon Valobasa Bujhina";"E kemon Valobasa Bujhina";3617668545742;FR-10S-25-17316;RMITRC10;"Music Release";Stream;1;EUR;0.002005613046;80.00
01/01/2025;01/01/2025;"YouTube UGC";Australia;"RoyalMotion IT";Dorshon;Jontrona;Jontrona;3617667140993;DG-A0S-24-49593;RMITDS02;"Music Release";Stream;1;EUR;0.000346934213;80.00
01/01/2025;01/12/2024;"Ultimate Music";"China Mainland";"RoyalMotion IT";Dorshon;Jontrona;Jontrona;3617667140993;DG-A0S-24-49593;RMITDS02;"Music Release";Stream;1;EUR;0.002269454158;80.00
01/01/2025;01/01/2025;"YouTube Official Content";"Saudi Arabia";"RoyalMotion IT";"Ranjan Chowdhury";"O Chokhe Dekhechi";"O Chokhe Dekhechi";3617668678709;FR-10S-25-27117;RMITRC13;"Music Release";Stream;13;EUR;0.001954072984;80.00
01/01/2025;01/01/2025;"Apple Music";"United States";"RoyalMotion IT";"Arif Chowdhury Prince";"Tomay Vebe Vebe";"Tomay Vebe Vebe";7316470349895;HK-K97-22-02083;RMITACP01;"Music Release";Stream;1;EUR;0.005146278829;80.00
01/01/2025;01/12/2024;"Facebook / Instagram";Egypt;"RoyalMotion IT";Dorshon;Jontrona;Jontrona;3617667140993;DG-A0S-24-49593;RMITDS02;"Music Release";Stream;1;EUR;0.000013511552;80.00
01/01/2025;01/01/2025;"YouTube Official Content";Norway;"RoyalMotion IT";"Purnoy Hoq";"Pera Nai Chill 2";"Pera Nai Chill 2";3617668323364;QZ-TAS-24-88692;RMITPQ01;"Music Release";Stream;1;EUR;0.006646968021;80.00
01/01/2025;01/12/2024;"Facebook / Instagram";Philippines;"RoyalMotion IT";"Band Chandrarango";"Tomar Kolpona";"Tomar Kolpona তোমার কল্পনা";3617666130186;DG-A0R-24-49372;;"Music Release";Stream;6;EUR;0.000081069312;80.00
01/01/2025;01/01/2025;"YouTube Official Content";Qatar;"RoyalMotion IT";"Ranjan Chowdhury, Moumita Barua";"E kemon Valobasa Bujhina";"E kemon Valobasa Bujhina";3617668545742;FR-10S-25-17316;RMITRC10;"Music Release";Stream;3;EUR;0.003879512291;80.00
01/01/2025;01/01/2025;"YouTube Official Content";"South Africa";"RoyalMotion IT";"Ranjan Chowdhury, Moumita Barua";"E kemon Valobasa Bujhina";"E kemon Valobasa Bujhina";3617668545742;FR-10S-25-17316;RMITRC10;"Music Release";Stream;1;EUR;0.000231930824;80.00
01/01/2025;01/12/2024;"Facebook / Instagram";Kyrgyzstan;"RoyalMotion IT";Dorshon;"Mrittu Chithi";"Mrittu Chithi";3617666802847;DG-A0S-24-21038;RMITDS01;"Music Release";Stream;1;EUR;0.000013511552;80.00
01/01/2025;01/01/2025;"YouTube Official Content";Qatar;"RoyalMotion IT";"Purnoy Hoq";"Pera Nai Chill 2";"Pera Nai Chill 2";3617668323364;QZ-TAS-24-88692;RMITPQ01;"Music Release";Stream;1;EUR;0.000584440222;80.00
01/01/2025;01/01/2025;"YouTube Official Content";Malaysia;"RoyalMotion IT";"Ranjan Chowdhury";"O Chokhe Dekhechi";"O Chokhe Dekhechi";3617668678709;FR-10S-25-27117;RMITRC13;"Music Release";Stream;10;EUR;0.002823574839;80.00
01/01/2025;01/12/2024;Yandex;Kazakhstan;"RoyalMotion IT";Dorshon;Jontrona;Jontrona;3617667140993;DG-A0S-24-49593;RMITDS02;"Music Release";Stream;2;EUR;0.000360109310;80.00
01/01/2025;01/12/2024;"Facebook / Instagram";Mexico;"RoyalMotion IT";Dorshon;Jontrona;Jontrona;3617667140993;DG-A0S-24-49593;RMITDS02;"Music Release";Stream;1;EUR;0.000013511552;80.00
01/01/2025;01/12/2024;Likee;Bangladesh;"RoyalMotion IT";"Band Chandrarango";"Tomar Kolpona";"Tomar Kolpona তোমার কল্পনা";3617666130186;DG-A0R-24-49372;;"Music Release";Stream;1;EUR;0.000339327859;80.00
01/01/2025;01/12/2024;"Facebook / Instagram";India;"RoyalMotion IT";Dorshon;Jontrona;Jontrona;3617667140993;DG-A0S-24-49593;RMITDS02;"Music Release";Stream;15;EUR;0.000202673280;80.00
01/01/2025;01/01/2025;"YouTube Official Content";Bangladesh;"RoyalMotion IT";"Arif Chowdhury Prince";"Tomay Vebe Vebe";"Tomay Vebe Vebe";7316470349895;HK-K97-22-02083;RMITACP01;"Music Release";Stream;3;EUR;0.000228431182;80.00
01/01/2025;01/12/2024;"Facebook / Instagram";"United Arab Emirates";"RoyalMotion IT";Dorshon;Jontrona;Jontrona;3617667140993;DG-A0S-24-49593;RMITDS02;"Music Release";Stream;9;EUR;0.000121603968;80.00
01/01/2025;01/12/2024;"Facebook / Instagram";Portugal;"RoyalMotion IT";Dorshon;Jontrona;Jontrona;3617667140993;DG-A0S-24-49593;RMITDS02;"Music Release";Stream;1;EUR;0.000013511552;80.00
01/01/2025;01/01/2025;"YouTube Official Content";India;"RoyalMotion IT";"Purnoy Hoq";"Pera Nai Chill 2";"Pera Nai Chill 2";3617668323364;QZ-TAS-24-88692;RMITPQ01;"Music Release";Stream;28;EUR;0.000632480278;80.00
01/01/2025;01/01/2025;"YouTube UGC";Bangladesh;"RoyalMotion IT";"Band Chandrarango";"Tomar Kolpona";"Tomar Kolpona তোমার কল্পনা";3617666130186;DG-A0R-24-49372;;"Music Release";Stream;492;EUR;0.015313544202;80.00
01/01/2025;01/01/2025;"YouTube Official Content";Malaysia;"RoyalMotion IT";"Purnoy Hoq";"Pera Nai Chill 2";"Pera Nai Chill 2";3617668323364;QZ-TAS-24-88692;RMITPQ01;"Music Release";Stream;2;EUR;0.000683384648;80.00
01/01/2025;01/12/2024;"Facebook / Instagram";Italy;"RoyalMotion IT";Dorshon;"Mrittu Chithi";"Mrittu Chithi";3617666802847;DG-A0S-24-21038;RMITDS01;"Music Release";Stream;1;EUR;0.000013511552;80.00
01/01/2025;01/12/2024;"Facebook / Instagram";"United States";"RoyalMotion IT";Dorshon;Jontrona;Jontrona;3617667140993;DG-A0S-24-49593;RMITDS02;"Music Release";Stream;6;EUR;0.000081069312;80.00
01/01/2025;01/01/2025;"YouTube UGC";Lebanon;"RoyalMotion IT";Tritio;Anurukti;Anurukti;3617668138852;DG-A0T-24-45602;RMITTI01;"Music Release";Stream;1;EUR;0.000081203816;80.00
01/01/2025;01/01/2025;"YouTube Official Content";"United States";"RoyalMotion IT";"Ranjan Chowdhury";"Tumi Chao Bole";"Tumi Chao Bole";3617668545735;FR-10S-25-17315;RMITRC09;"Music Release";Stream;1;EUR;0.002116647144;80.00
